<?xml version="1.0" encoding="UTF-8"?>
<project-private xmlns="http://www.netbeans.org/ns/project-private/1">
    <editor-bookmarks xmlns="http://www.netbeans.org/ns/editor-bookmarks/2" lastBookmarkId="1">
        <file>
            <url>src/Toko/koneksi.java</url>
            <bookmark id="1">
                <name/>
                <line>19</line>
                <key/>
            </bookmark>
        </file>
    </editor-bookmarks>
    <open-files xmlns="http://www.netbeans.org/ns/projectui-open-files/2">
        <group>
            <file>file:/C:/Users/LENOVO/OneDrive/Documents/NetBeansProjects/TokoMakeUp/Toko/src/Toko/Penjualan.java</file>
            <file>file:/C:/Users/LENOVO/OneDrive/Documents/NetBeansProjects/TokoMakeUp/Toko/src/Toko/DataBarang.java</file>
            <file>file:/C:/Users/LENOVO/OneDrive/Documents/NetBeansProjects/TokoMakeUp/Toko/src/Toko/koneksi.java</file>
            <file>file:/C:/Users/LENOVO/OneDrive/Documents/NetBeansProjects/TokoMakeUp/Toko/src/Toko/FormLogin.java</file>
            <file>file:/C:/Users/LENOVO/OneDrive/Documents/NetBeansProjects/TokoMakeUp/Toko/src/Toko/ListBarang.java</file>
            <file>file:/C:/Users/LENOVO/OneDrive/Documents/NetBeansProjects/TokoMakeUp/Toko/src/Toko/MenuUtama.java</file>
        </group>
    </open-files>
</project-private>
